Redirect 301 /electronics/bmc2835-gpio.html /embedded/bmc2835-gpio.html
Redirect 301 /sysadmin-howtos/beaglebone.html /embedded/beaglebone.html
Redirect 301 /sysadmin-howtos/nvidia-jetson-nano.html /embedded/nvidia-jetson-nano.html
Redirect 301 /sysadmin-howtos/terasic-de10-nano.html /embedded/terasic-de10-nano.html
Redirect 301 /ai/ai-requirements.html /garden/LLM-training
Redirect 301 /personal/productivity-tools.html /garden/productivity-tools
Redirect 301 /benchmarks/ior-results.html /garden/IOR
Redirect 301 /benchmarks/mdtest.html /garden/mdtest
Redirect 301 /benchmarks/elbencho.html /garden/elbencho
Redirect 301 /benchmarks/fio.html /garden/fio
Redirect 301 /data-intensive/storage/nfs.html /garden/NFS
RedirectMatch 301 ^/garden$ /garden/
RedirectMatch 301 ^/data-intensive/analysis/ai-(.*)\.html$ /ai/ai-$1.html
RedirectMatch 301 ^/data-intensive/analysis/(.*)perceptron\.html$ /ai/$1perceptron.html
ErrorDocument 404 /404.html

RewriteEngine On
RewriteCond %{REQUEST_FILENAME} !-d
RewriteCond %{REQUEST_FILENAME}\.html -f
RewriteRule ^(.*)$ $1.html [L]
